{
    "now": "2025-04-05T17:54:14.461Z",
    "perfNow": 2230581.5,
    "diagnosticCorrelation": "31d4efa9-e002-4f5c-838f-bf63753a6e45",
    "source": "DownloadSupportFiles",
    "environment": {
        "productName": "adf",
        "buildVersion": "1.0.040125.0",
        "environmentType": 3,
        "resourceName": "vinodaff001",
        "resourceRegion": "eastus",
        "resourceGroup": "Netflixregion",
        "subscriptionId": "fdb84d3f-d7d4-4158-9dd4-452040a7a21a",
        "sessionId": "ilyBBiED2vYujXY4e8gZIa",
        "operationId": "",
        "gitType": "live",
        "loggingKey": "24f061e9-bbfc-494c-b211-db63ea92f273"
    },
    "additionalInfo": {
        "selectedResource": "Scenerio3",
        "selectedResourceType": "pipeline"
    }
}