{
    "name": "AzureSynapseAnalyticsTable2",
    "properties": {
        "linkedServiceName": {
            "referenceName": "AzureSynapseAnalytics2",
            "type": "LinkedServiceReference"
        },
        "annotations": [],
        "type": "AzureSqlDWTable",
        "schema": [
            {
                "name": "TransactionID",
                "type": "int",
                "precision": 10
            },
            {
                "name": "CustomerID",
                "type": "int",
                "precision": 10
            },
            {
                "name": "TransactionDate",
                "type": "date"
            },
            {
                "name": "Amount",
                "type": "decimal",
                "precision": 10,
                "scale": 2
            },
            {
                "name": "Category",
                "type": "varchar"
            }
        ],
        "typeProperties": {
            "schema": "dbo",
            "table": "Financial_Table"
        }
    }
}