{
    "name": "DelimitedText12",
    "properties": {
        "linkedServiceName": {
            "referenceName": "AzureDataLakeStorage",
            "type": "LinkedServiceReference"
        },
        "annotations": [],
        "type": "DelimitedText",
        "typeProperties": {
            "location": {
                "type": "AzureBlobFSLocation",
                "fileName": "Financial_Transaction.csv",
                "fileSystem": "scenerio3"
            },
            "columnDelimiter": ",",
            "escapeChar": "\\",
            "firstRowAsHeader": true,
            "quoteChar": "\""
        },
        "schema": [
            {
                "name": "Transaction ID",
                "type": "String"
            },
            {
                "name": "Customer ID",
                "type": "String"
            },
            {
                "name": "Transaction Date",
                "type": "String"
            },
            {
                "name": "Amount",
                "type": "String"
            },
            {
                "name": "Category",
                "type": "String"
            }
        ]
    }
}