{
    "name": "scenerio1",
    "properties": {
        "activities": [
            {
                "name": "Copy data1",
                "type": "Copy",
                "dependsOn": [],
                "policy": {
                    "timeout": "0.12:00:00",
                    "retry": 0,
                    "retryIntervalInSeconds": 30,
                    "secureOutput": false,
                    "secureInput": false
                },
                "userProperties": [],
                "typeProperties": {
                    "source": {
                        "type": "CosmosDbSqlApiSource",
                        "preferredRegions": []
                    },
                    "sink": {
                        "type": "SqlDWSink",
                        "allowCopyCommand": true
                    },
                    "enableStaging": true,
                    "stagingSettings": {
                        "linkedServiceName": {
                            "referenceName": "AzureDataLakeStorage1",
                            "type": "LinkedServiceReference"
                        },
                        "path": "bootcamp3"
                    }
                },
                "inputs": [
                    {
                        "referenceName": "CosmosDbNoSqlContainer1",
                        "type": "DatasetReference"
                    }
                ],
                "outputs": [
                    {
                        "referenceName": "AzureSynapseAnalyticsTable4",
                        "type": "DatasetReference"
                    }
                ]
            }
        ],
        "annotations": [],
        "lastPublishTime": "2025-04-04T06:57:41Z"
    },
    "type": "Microsoft.Synapse/workspaces/pipelines"
}