{
    "name": "AzureSynapseAnalyticsTable4",
    "properties": {
        "linkedServiceName": {
            "referenceName": "AzureSynapseAnalytics1",
            "type": "LinkedServiceReference"
        },
        "annotations": [],
        "type": "AzureSqlDWTable",
        "schema": [
            {
                "name": "CustomerID",
                "type": "nvarchar"
            },
            {
                "name": "EventType",
                "type": "nvarchar"
            },
            {
                "name": "ProductID",
                "type": "nvarchar"
            },
            {
                "name": "ProductCategory",
                "type": "nvarchar"
            },
            {
                "name": "Price",
                "type": "decimal",
                "precision": 18,
                "scale": 2
            },
            {
                "name": "SessionID",
                "type": "nvarchar"
            }
        ],
        "typeProperties": {
            "schema": "dbo",
            "table": "Events_data"
        }
    },
    "type": "Microsoft.Synapse/workspaces/datasets"
}