{
    "name": "CosmosDbNoSqlContainer1",
    "properties": {
        "linkedServiceName": {
            "referenceName": "CosmosDBLSEventdata",
            "type": "LinkedServiceReference"
        },
        "annotations": [],
        "type": "CosmosDbSqlApiCollection",
        "schema": {
            "type": "object",
            "properties": {
                "CustomerID": {
                    "type": "string"
                },
                "EventType": {
                    "type": "string"
                },
                "ProductID": {
                    "type": "string"
                },
                "ProductCategory": {
                    "type": "string"
                },
                "Price": {
                    "type": "string"
                },
                "SessionID": {
                    "type": "string"
                }
            }
        },
        "typeProperties": {
            "collectionName": "EventDB"
        }
    },
    "type": "Microsoft.Synapse/workspaces/datasets"
}