{
    "name": "Scenerio3",
    "properties": {
        "activities": [
            {
                "name": "Copy data1",
                "type": "Copy",
                "dependsOn": [],
                "policy": {
                    "timeout": "0.12:00:00",
                    "retry": 0,
                    "retryIntervalInSeconds": 30,
                    "secureOutput": false,
                    "secureInput": false
                },
                "userProperties": [],
                "typeProperties": {
                    "source": {
                        "type": "DelimitedTextSource",
                        "storeSettings": {
                            "type": "AzureBlobFSReadSettings",
                            "recursive": true,
                            "enablePartitionDiscovery": false
                        },
                        "formatSettings": {
                            "type": "DelimitedTextReadSettings"
                        }
                    },
                    "sink": {
                        "type": "SqlDWSink",
                        "allowCopyCommand": true
                    },
                    "enableStaging": true,
                    "stagingSettings": {
                        "linkedServiceName": {
                            "referenceName": "AzureDataLakeStorage",
                            "type": "LinkedServiceReference"
                        },
                        "path": "scenerio3"
                    }
                },
                "inputs": [
                    {
                        "referenceName": "DelimitedText12",
                        "type": "DatasetReference"
                    }
                ],
                "outputs": [
                    {
                        "referenceName": "AzureSynapseAnalyticsTable2",
                        "type": "DatasetReference"
                    }
                ]
            }
        ],
        "annotations": []
    }
}