{
    "now": "2025-04-05T16:05:57.180Z",
    "perfNow": 28394.300000190735,
    "diagnosticCorrelation": "72ac0291-dc77-45f6-8f8d-e94fc0753207",
    "source": "DownloadSupportFiles",
    "environment": {
        "productName": "a365",
        "buildVersion": "25.0303.07",
        "environmentType": 9,
        "resourceName": "vinodsynapse01",
        "resourceRegion": "canadacentral",
        "resourceGroup": "vinodResourceaccount",
        "subscriptionId": "fdb84d3f-d7d4-4158-9dd4-452040a7a21a",
        "sessionId": "5NmzgS0ce/kwNT0yQkkWBB",
        "operationId": "aEXrA",
        "gitType": "live",
        "loggingKey": "57feb384-7fa5-41aa-8e60-07f7a58f0f5d"
    },
    "additionalInfo": {
        "selectedResource": "scenerio1",
        "selectedResourceType": "pipeline"
    }
}